Species,Common_Name,Phylum,Num_invasive,Common_name_classification,Image_Link
Columba livia,Rock Dove or Common Pigeon,Chordata,184,Bird,https://en.wikipedia.org/wiki/File:Columba_livia_Baltasound_Shetland_1.jpg
Anas platyrhynchos,Mallard or Wild Duck,Chordata,147,Bird,https://upload.wikimedia.org/wikipedia/commons/thumb/b/bf/Anas_platyrhynchos_male_female_quadrat.jpg/500px-Anas_platyrhynchos_male_female_quadrat.jpg
Paratrechina longicornis,Longhorn crazy ant,Arthropoda,147,Insects,https://www.antwiki.org/wiki/File:Paratrechina_longicornis_(A._Narendra).JPG
Cyprinus carpio,Common Carp,Chordata,143,Fish,https://upload.wikimedia.org/wikipedia/commons/thumb/3/3b/Cyprinus_carpio_2008_G1_%28cropped%29.jpg/500px-Cyprinus_carpio_2008_G1_%28cropped%29.jpg
Leucaena leucocephala,White Leadtree,Magnoliophyta,127,Flowering plants,https://upload.wikimedia.org/wikipedia/commons/thumb/4/49/Leucaena_leucocephala.jpg/500px-Leucaena_leucocephala.jpg
Tapinoma melanocephalum,Ghost Ant,Arthropoda,114,Insects,https://upload.wikimedia.org/wikipedia/commons/thumb/1/14/Tapinoma.melanocephalum.group.feeding.on.apple.jpg/500px-Tapinoma.melanocephalum.group.feeding.on.apple.jpg
Cyperus rotundus,Coco-grass or Java grass,Magnoliophyta,112,Flowering plants,https://upload.wikimedia.org/wikipedia/commons/thumb/a/ac/Nutgrass_Cyperus_rotundus02.jpg/500px-Nutgrass_Cyperus_rotundus02.jpg
Psidium guajava,Common Guava,Magnoliophyta,105,Flowering plants,https://upload.wikimedia.org/wikipedia/commons/thumb/2/23/Honey_bee_on_a_Guava_flower_3.jpg/500px-Honey_bee_on_a_Guava_flower_3.jpg
Eichhornia crassipes,Common Water Hyacinth,Magnoliophyta,103,Flowering plants,https://upload.wikimedia.org/wikipedia/commons/thumb/c/c3/Eichhornia_crassipes_C.jpg/500px-Eichhornia_crassipes_C.jpg
Monomorium floricola,Bicolored Trailing Ant or Flower Ant ,Arthropoda,103,Insects,https://upload.wikimedia.org/wikipedia/commons/thumb/3/3a/Monomorium_floricola_155075479.jpg/500px-Monomorium_floricola_155075479.jpg